index,execution_time
0,2.2729196548461914
1,2.1562345027923584
2,1.9926702976226807
3,2.1312973499298096
4,2.0834267139434814
